/** THUMBNAIL */
INSERT INTO PUBLIC.THUMBNAIL (ID,EXTENSION,PATH_FILE) VALUES (1,'jpg',  ' http://i.annihil.us/u/prod/marvel/i/mg/3/20/5232158de5b16');
INSERT INTO PUBLIC.THUMBNAIL (ID,EXTENSION,PATH_FILE) VALUES (2,'jpg',  ' http://i.annihil.us/u/prod/marvel/i/mg/c/e0/535fecbbb9784');
INSERT INTO PUBLIC.THUMBNAIL (ID,EXTENSION,PATH_FILE) VALUES (3,'jpg',  ' http://i.annihil.us/u/prod/marvel/i/mg/6/20/52602f21f29ec');
INSERT INTO PUBLIC.THUMBNAIL (ID,EXTENSION,PATH_FILE) VALUES (4,'jpg',  'http://i.annihil.us/u/prod/marvel/i/mg/6/20/52602f21f29ec1');
INSERT INTO PUBLIC.THUMBNAIL (ID,EXTENSION,PATH_FILE) VALUES (5,'jpg',  'http://i.annihil.us/u/prod/marvel/i/mg/6/20/52602f21f29ec2');
INSERT INTO PUBLIC.THUMBNAIL (ID,EXTENSION,PATH_FILE) VALUES (6,'jpg',   'http://i.annihil.us/u/prod/marvel/i/mg/6/20/52602f21f29ec');
INSERT INTO PUBLIC.THUMBNAIL (ID,EXTENSION,PATH_FILE) VALUES (7,'jpg',   'http://i.annihil.us/u/prod/marvel/i/mg/6/20/52602f21f29ec');
INSERT INTO PUBLIC.THUMBNAIL (ID,EXTENSION,PATH_FILE) VALUES (8,'jpg',  'http://i.annihil.us/u/prod/marvel/i/mg/6/20/52602f21f29ec5');
INSERT INTO PUBLIC.THUMBNAIL (ID,EXTENSION,PATH_FILE) VALUES (9,'jpg',  'http://i.annihil.us/u/prod/marvel/i/mg/6/20/52602f21f29ec6');
INSERT INTO PUBLIC.THUMBNAIL (ID,EXTENSION,PATH_FILE) VALUES (10,'jpg', 'http://i.annihil.us/u/prod/marvel/i/mg/6/20/52602f21f29ec7');
INSERT INTO PUBLIC.THUMBNAIL (ID,EXTENSION,PATH_FILE) VALUES (11,'jpg', 'http://i.annihil.us/u/prod/marvel/i/mg/6/20/52602f21f29ec8');
INSERT INTO PUBLIC.THUMBNAIL (ID,EXTENSION,PATH_FILE) VALUES (12,'jpg', 'http://i.annihil.us/u/prod/marvel/i/mg/6/20/52602f21f29ec9');
INSERT INTO PUBLIC.THUMBNAIL (ID,EXTENSION,PATH_FILE) VALUES (13,'jpg','http://i.annihil.us/u/prod/marvel/i/mg/6/20/52602f21f29ec10');
INSERT INTO PUBLIC.THUMBNAIL (ID,EXTENSION,PATH_FILE) VALUES (14,'jpg','http://i.annihil.us/u/prod/marvel/i/mg/6/20/52602f21f29ec11');
INSERT INTO PUBLIC.THUMBNAIL (ID,EXTENSION,PATH_FILE) VALUES (15,'jpg','http://i.annihil.us/u/prod/marvel/i/mg/6/20/52602f21f29ec12');
INSERT INTO PUBLIC.THUMBNAIL (ID,EXTENSION,PATH_FILE) VALUES (16,'jpg','http://i.annihil.us/u/prod/marvel/i/mg/6/20/52602f21f29ec13');
INSERT INTO PUBLIC.THUMBNAIL (ID,EXTENSION,PATH_FILE) VALUES (17,'jpg','http://i.annihil.us/u/prod/marvel/i/mg/6/20/52602f21f29ec14');
INSERT INTO PUBLIC.THUMBNAIL (ID,EXTENSION,PATH_FILE) VALUES (18,'jpg','http://i.annihil.us/u/prod/marvel/i/mg/6/20/52602f21f29ec15');
INSERT INTO PUBLIC.THUMBNAIL (ID,EXTENSION,PATH_FILE) VALUES (19,'jpg','http://i.annihil.us/u/prod/marvel/i/mg/6/20/52602f21f29ec16');
INSERT INTO PUBLIC.THUMBNAIL (ID,EXTENSION,PATH_FILE) VALUES (20,'jpg','http://i.annihil.us/u/prod/marvel/i/mg/6/20/52602f21f29ec17');
INSERT INTO PUBLIC.THUMBNAIL (ID,EXTENSION,PATH_FILE) VALUES (21,'jpg','http://i.annihil.us/u/prod/marvel/i/mg/6/20/52602f21f29ec18');
INSERT INTO PUBLIC.THUMBNAIL (ID,EXTENSION,PATH_FILE) VALUES (22,'jpg','http://i.annihil.us/u/prod/marvel/i/mg/6/20/52602f21f29ec19');
INSERT INTO PUBLIC.THUMBNAIL (ID,EXTENSION,PATH_FILE) VALUES (23,'jpg','http://i.annihil.us/u/prod/marvel/i/mg/6/20/52602f21f29ec20');
INSERT INTO PUBLIC.THUMBNAIL (ID,EXTENSION,PATH_FILE) VALUES (24,'jpg','http://i.annihil.us/u/prod/marvel/i/mg/6/20/52602f21f29ec21');
INSERT INTO PUBLIC.THUMBNAIL (ID,EXTENSION,PATH_FILE) VALUES (25,'jpg','http://i.annihil.us/u/prod/marvel/i/mg/6/20/52602f21f29ec22');
INSERT INTO PUBLIC.THUMBNAIL (ID,EXTENSION,PATH_FILE) VALUES (26,'jpg',  'http://i.annihil.us/u/prod/marvel/i/mg/6/70/51ca1749980ae');
INSERT INTO PUBLIC.THUMBNAIL (ID,EXTENSION,PATH_FILE) VALUES (27,'jpg',  'http://i.annihil.us/u/prod/marvel/i/mg/2/d0/51cb5356c2063');
INSERT INTO PUBLIC.THUMBNAIL (ID,EXTENSION,PATH_FILE) VALUES (28,'jpg',  'http://i.annihil.us/u/prod/marvel/i/mg/5/c0/51ca1b3671a48');
INSERT INTO PUBLIC.THUMBNAIL (ID,EXTENSION,PATH_FILE) VALUES (29,'jpg',  'http://i.annihil.us/u/prod/marvel/i/mg/f/00/51cdeb7048dac');
INSERT INTO PUBLIC.THUMBNAIL (ID,EXTENSION,PATH_FILE) VALUES (30,'jpg',  'http://i.annihil.us/u/prod/marvel/i/mg/f/03/51099f8823d43');
INSERT INTO PUBLIC.THUMBNAIL (ID,EXTENSION,PATH_FILE) VALUES (31,'jpg',  'http://i.annihil.us/u/prod/marvel/i/mg/b/40/image_not_available');
INSERT INTO PUBLIC.THUMBNAIL (ID,EXTENSION,PATH_FILE) VALUES (32,'jpg',  'http://i.annihil.us/u/prod/marvel/i/mg/2/d0/5137710f56aa1');
INSERT INTO PUBLIC.THUMBNAIL (ID,EXTENSION,PATH_FILE) VALUES (33,'jpg',  'http://i.annihil.us/u/prod/marvel/i/mg/4/40/544937e49fe42');

/** URL_TYPED  */
INSERT INTO PUBLIC.URL_TYPED (ID,"TYPE",URL) VALUES (1,'detail',                     'http://marvel.com/comics/issue/40628/hulk_2008_55?utm_campaign=apiRef&utm_source=632bc5a54ee98d0299dc4dbf9fda93fc');
INSERT INTO PUBLIC.URL_TYPED (ID,"TYPE",URL) VALUES (2,'purchase',            'http://comicstore.marvel.com/Hulk-55/digital-comic/27099?utm_campaign=apiRef&utm_source=632bc5a54ee98d0299dc4dbf9fda93fc');
INSERT INTO PUBLIC.URL_TYPED (ID,"TYPE",URL) VALUES (3,'reader',                    'http://marvel.com/digitalcomics/view.htm?iid=27099&utm_campaign=apiRef&utm_source=632bc5a54ee98d0299dc4dbf9fda93fc');
INSERT INTO PUBLIC.URL_TYPED (ID,"TYPE",URL) VALUES (4,'inAppLink',                             'https://applink.marvel.com/issue/27099?utm_campaign=apiRef&utm_source=632bc5a54ee98d0299dc4dbf9fda93fc');
INSERT INTO PUBLIC.URL_TYPED (ID,"TYPE",URL) VALUES (5,'detail',                     'http://marvel.com/comics/issue/40630/hulk_2008_54?utm_campaign=apiRef&utm_source=632bc5a54ee98d0299dc4dbf9fda93fc');
INSERT INTO PUBLIC.URL_TYPED (ID,"TYPE",URL) VALUES (6,'purchase',            'http://comicstore.marvel.com/Hulk-54/digital-comic/26830?utm_campaign=apiRef&utm_source=632bc5a54ee98d0299dc4dbf9fda93fc');
INSERT INTO PUBLIC.URL_TYPED (ID,"TYPE",URL) VALUES (7,'reader',                    'http://marvel.com/digitalcomics/view.htm?iid=26830&utm_campaign=apiRef&utm_source=632bc5a54ee98d0299dc4dbf9fda93fc');
INSERT INTO PUBLIC.URL_TYPED (ID,"TYPE",URL) VALUES (8,'inAppLink',                             'https://applink.marvel.com/issue/26830?utm_campaign=apiRef&utm_source=632bc5a54ee98d0299dc4dbf9fda93fc');
INSERT INTO PUBLIC.URL_TYPED (ID,"TYPE",URL) VALUES (9,'detail',                     'http://marvel.com/comics/issue/40632/hulk_2008_53?utm_campaign=apiRef&utm_source=632bc5a54ee98d0299dc4dbf9fda93fc');
INSERT INTO PUBLIC.URL_TYPED (ID,"TYPE",URL) VALUES (10,'purchase',           'http://comicstore.marvel.com/Hulk-53/digital-comic/26673?utm_campaign=apiRef&utm_source=632bc5a54ee98d0299dc4dbf9fda93fc');
INSERT INTO PUBLIC.URL_TYPED (ID,"TYPE",URL) VALUES (11,'reader',                   'http://marvel.com/digitalcomics/view.htm?iid=26673&utm_campaign=apiRef&utm_source=632bc5a54ee98d0299dc4dbf9fda93fc');
INSERT INTO PUBLIC.URL_TYPED (ID,"TYPE",URL) VALUES (12,'inAppLink',                            'https://applink.marvel.com/issue/26673?utm_campaign=apiRef&utm_source=632bc5a54ee98d0299dc4dbf9fda93fc');
INSERT INTO PUBLIC.URL_TYPED (ID,"TYPE",URL) VALUES (13,'detail',                  'http://marvel.com/comics/events/269/secret_invasion?utm_campaign=apiRef&utm_source=632bc5a54ee98d0299dc4dbf9fda93fc');
INSERT INTO PUBLIC.URL_TYPED (ID,"TYPE",URL) VALUES (14,'wiki',                             'http://marvel.com/universe/Secret_Invasion?utm_campaign=apiRef&utm_source=632bc5a54ee98d0299dc4dbf9fda93fc');
INSERT INTO PUBLIC.URL_TYPED (ID,"TYPE",URL) VALUES (15,'detail',                        'http://marvel.com/comics/events/238/civil_war?utm_campaign=apiRef&utm_source=632bc5a54ee98d0299dc4dbf9fda93fc');
INSERT INTO PUBLIC.URL_TYPED (ID,"TYPE",URL) VALUES (16,'wiki',                                   'http://marvel.com/universe/Civil_War?utm_campaign=apiRef&utm_source=632bc5a54ee98d0299dc4dbf9fda93fc');
INSERT INTO PUBLIC.URL_TYPED (ID,"TYPE",URL) VALUES (17,'detail',                      'http://marvel.com/comics/events/212/planet_hulk?utm_campaign=apiRef&utm_source=632bc5a54ee98d0299dc4dbf9fda93fc');
INSERT INTO PUBLIC.URL_TYPED (ID,"TYPE",URL) VALUES (18,'wiki',                                 'http://marvel.com/universe/Planet_Hulk?utm_campaign=apiRef&utm_source=632bc5a54ee98d0299dc4dbf9fda93fc');
INSERT INTO PUBLIC.URL_TYPED (ID,"TYPE",URL) VALUES (19,'detail',                      'http://marvel.com/comics/events/270/secret_wars?utm_campaign=apiRef&utm_source=632bc5a54ee98d0299dc4dbf9fda93fc');
INSERT INTO PUBLIC.URL_TYPED (ID,"TYPE",URL) VALUES (20,'wiki',                                 'http://marvel.com/universe/Secret_Wars?utm_campaign=apiRef&utm_source=632bc5a54ee98d0299dc4dbf9fda93fc');
INSERT INTO PUBLIC.URL_TYPED (ID,"TYPE",URL) VALUES (21,'detail',                      'http://marvel.com/comics/events/302/fear_itself?utm_campaign=apiRef&utm_source=632bc5a54ee98d0299dc4dbf9fda93fc');
INSERT INTO PUBLIC.URL_TYPED (ID,"TYPE",URL) VALUES (22,'wiki',                                 'http://marvel.com/universe/Fear_Itself?utm_campaign=apiRef&utm_source=632bc5a54ee98d0299dc4dbf9fda93fc');
INSERT INTO PUBLIC.URL_TYPED (ID,"TYPE",URL) VALUES (23,'detail','http://marvel.com/comics/series/17765/free_comic_book_day_2013_1_2013?utm_campaign=apiRef&utm_source=632bc5a54ee98d0299dc4dbf9fda93fc');
INSERT INTO PUBLIC.URL_TYPED (ID,"TYPE",URL) VALUES (24,'detail',                'http://marvel.com/comics/series/3374/hulk_2008_-_2012?utm_campaign=apiRef&utm_source=632bc5a54ee98d0299dc4dbf9fda93fc');
INSERT INTO PUBLIC.URL_TYPED (ID,"TYPE",URL) VALUES (25,'detail',        'http://marvel.com/comics/series/789/dark_avengers_2012_-_2013?utm_campaign=apiRef&utm_source=632bc5a54ee98d0299dc4dbf9fda93fc');

/** ART_WORK*/
INSERT INTO PUBLIC.ART_WORK (ID,DESCRIPTION,MODIFIED,TITLE) VALUES  (269,'The shape-shifting Skrulls have been infiltrating the Earth for years, replacing many of Marvel''s heroes with impostors, setting the stage for an all-out invasion.','2020-12-22 01:35:59.675','Secret Invasion');
INSERT INTO PUBLIC.ART_WORK (ID,DESCRIPTION,MODIFIED,TITLE) VALUES  (270,'After a horrific tragedy raises questions on whether or not super heroes should register with the government, longtime Avengers teammates Captain America and Iron Man end up on opposite sides of the argument! Writer Mark Millar and artist Steve McNiven split the Marvel Universe in two as friend fights friend in one of the most celebrated and successful events of all-time!','2020-12-22 01:36:30.237','Civil War');
INSERT INTO PUBLIC.ART_WORK (ID,DESCRIPTION,MODIFIED,TITLE) VALUES  (271,'After being exiled from Earth by the Illuminati, Hulk found himself on the planet Sakaar, where he was imprisoned and forced to do gladiatorial battle in the emperor''s arena. Hulk and his compatriots quickly rose through the ranks, and were soon approached by a rebellion that plotted to overthrow the emperor. Hulk declined, and the rebels were detained. But rather than killing them in the arena, Hulk helped them escape, and led his fellow gladiators to freedom.','2020-12-22 01:36:52.658','Planet Hulk');
INSERT INTO PUBLIC.ART_WORK (ID,DESCRIPTION,MODIFIED,TITLE) VALUES  (272,'The most powerful heroes and villains in the Marvel Universe square off on Battleword with the victor promised their greatest dreams and desires! Writer Jim Shooter and artists Mike Zeck and Bob Layton introduce the Beyonder in a 12-issue event featuring the Avengers, the X-Men, the Fantastic Four, Spider-Man, Magneto, Doctor Doom and more!','2020-12-22 01:37:17.413','Secret Wars');
INSERT INTO PUBLIC.ART_WORK (ID,DESCRIPTION,MODIFIED,TITLE) VALUES  (273,'The Serpent, God of Fear and brother to the Allfather Odin, rises to challenge Earth’s Mightiest in a seven-issue event written by Matt Fraction with art by Stuart Immonen! As the Worthy, heralds of the Serpent, lay waste to the Marvel Universe, how can Thor, Captain America, Iron Man and the Avengers turn back the tide of fear?','2020-12-22 01:37:42.292','Fear Itself');
INSERT INTO PUBLIC.ART_WORK (ID,DESCRIPTION,MODIFIED,TITLE) VALUES  (1945,NULL,NULL,'FREE COMIC BOOK DAY 2013 1 (2013)');
INSERT INTO PUBLIC.ART_WORK (ID,DESCRIPTION,MODIFIED,TITLE) VALUES  (1946,'General Thunderbolt Ross spent years hunting the Hulk, but now he''s become one himself! As the rampaging Red Hulk, Ross strives to reconcile the man he used to be with the monster he''s becomes, smashing anything that moves along the way!',NULL,'Hulk (2008 - 2012)');
INSERT INTO PUBLIC.ART_WORK (ID,DESCRIPTION,MODIFIED,TITLE) VALUES  (1947,'Most of the Marvel Universe has given up on career super villains like Juggernaut, Moonstone and Crossbones, but criminal-turned-Avenger Luke Cage believes everybody deserves a second chance. Can the former Power Man turn this crew around?',NULL,'Dark Avengers (2012 - 2013)');
INSERT INTO PUBLIC.ART_WORK (ID,DESCRIPTION,MODIFIED,TITLE) VALUES  (19947,'',NULL,'Cover #19947');
INSERT INTO PUBLIC.ART_WORK (ID,DESCRIPTION,MODIFIED,TITLE) VALUES  (19948,'',NULL,'The 3-D Man!');
INSERT INTO PUBLIC.ART_WORK (ID,DESCRIPTION,MODIFIED,TITLE) VALUES  (19949,'',NULL,'Cover #19949');
INSERT INTO PUBLIC.ART_WORK (ID,DESCRIPTION,MODIFIED,TITLE) VALUES  (19950,'',NULL,'Cover #19951');
INSERT INTO PUBLIC.ART_WORK (ID,DESCRIPTION,MODIFIED,TITLE) VALUES  (19951,'',NULL,'AVENGERS: THE INITIATIVE (2007) #16');
INSERT INTO PUBLIC.ART_WORK (ID,DESCRIPTION,MODIFIED,TITLE) VALUES  (19952,'',NULL,'Interior #92079');
INSERT INTO PUBLIC.ART_WORK (ID,DESCRIPTION,MODIFIED,TITLE) VALUES  (65357,'The Mayan Gods are here! Guest starring Alpha Flight, Machine Man, She-Hulks, A-Bomb!','2020-12-22 01:35:28.62','Hulk (2008) #53');
INSERT INTO PUBLIC.ART_WORK (ID,DESCRIPTION,MODIFIED,TITLE) VALUES  (65466,'Mayan Gods! End of the world as we know it! Guest starring Alpha Flight, Machine Man, She-Hulks, A-Bomb!','2020-12-22 01:35:10.112','Hulk (2008) #54');
INSERT INTO PUBLIC.ART_WORK (ID,DESCRIPTION,MODIFIED,TITLE) VALUES  (65941,'The hands of the doomsday clock race towards MAYAN RULE! Former Avengers arrive to help stop the end of the world as more Mayan gods return. Rick "A-Bomb" Jones falls in battle!','2020-12-22 01:34:36.027','Hulk (2008) #55');


/** CHARACTER */
INSERT INTO PUBLIC."CHARACTER" (ID,DESCRIPTION,MODIFIED,NAME,ID_THUMBNAIL) VALUES (1009144,'AIM is a terrorist organization bent on destroying the world.','2020-12-22 01:33:52.909','A.I.M.',3);
INSERT INTO PUBLIC."CHARACTER" (ID,DESCRIPTION,MODIFIED,NAME,ID_THUMBNAIL) VALUES (1011334,'','2020-12-22 01:33:39.137','3-D Man',2);
INSERT INTO PUBLIC."CHARACTER" (ID,DESCRIPTION,MODIFIED,NAME,ID_THUMBNAIL) VALUES (1017100,'Rick Jones has been Hulk''s best bud since day one, but now he''s more than a friend...he''s a teammate! Transformed by a Gamma energy explosion, A-Bomb''s thick, armored skin is just as strong and powerful as it is blue. And when he curls into action, he uses it like a giant bowling ball of destruction! ','2020-12-22 01:33:20.704','A-Bomb (HAS)',1);

/** COMIC */
INSERT INTO PUBLIC.COMIC (DIAMOND_CODE,DIGITAL_ID,EAN,FORMAT,ISBN,ISSN,ISSUE_NUMBER,PAGE_COUNT,ID) VALUES ('APR120637',26673,'','Comic','','1941-2142',53,32,65357);
INSERT INTO PUBLIC.COMIC (DIAMOND_CODE,DIGITAL_ID,EAN,FORMAT,ISBN,ISSN,ISSUE_NUMBER,PAGE_COUNT,ID) VALUES ('APR120638',26830,'','Comic','','1941-2142',54,32,65466);
INSERT INTO PUBLIC.COMIC (DIAMOND_CODE,DIGITAL_ID,EAN,FORMAT,ISBN,ISSN,ISSUE_NUMBER,PAGE_COUNT,ID) VALUES ('MAY120687',27099,'','Comic','','1941-2142',55,32,65941);

/** EVENTS */
INSERT INTO PUBLIC.EVENTS ("END","START",ID,ID_THUMBNAIL) VALUES ('2009-01-25 00:00:00','2008-06-02 00:00:00',269,26);
INSERT INTO PUBLIC.EVENTS ("END","START",ID,ID_THUMBNAIL) VALUES ('2007-01-29 00:00:00','2006-07-01 00:00:00',270,27);
INSERT INTO PUBLIC.EVENTS ("END","START",ID,ID_THUMBNAIL) VALUES ('2007-06-02 00:00:00','2006-04-01 00:00:00',271,28);
INSERT INTO PUBLIC.EVENTS ("END","START",ID,ID_THUMBNAIL) VALUES ('2008-12-17 00:00:00','1984-05-10 00:00:00',272,29);
INSERT INTO PUBLIC.EVENTS ("END","START",ID,ID_THUMBNAIL) VALUES ('2011-10-18 00:00:00','2011-04-16 00:00:00',273,30);

/** SERIES */
INSERT INTO PUBLIC.SERIES (END_YEAR,RATING,START_YEAR,"TYPE",ID,ID_THUMBNAIL) VALUES (2013,'',2013,NULL,1945,31);
INSERT INTO PUBLIC.SERIES (END_YEAR,RATING,START_YEAR,"TYPE",ID,ID_THUMBNAIL) VALUES (2012,'',2008,NULL,1946,32);
INSERT INTO PUBLIC.SERIES (END_YEAR,RATING,START_YEAR,"TYPE",ID,ID_THUMBNAIL) VALUES (2013,'T',2012,NULL,1947,33);

/** STORY*/
INSERT INTO PUBLIC.STORY ("TYPE",ID,ID_THUMBNAIL) VALUES ('cover',19947,NULL);
INSERT INTO PUBLIC.STORY ("TYPE",ID,ID_THUMBNAIL) VALUES ('story',19948,NULL);
INSERT INTO PUBLIC.STORY ("TYPE",ID,ID_THUMBNAIL) VALUES ('cover',19949,NULL);
INSERT INTO PUBLIC.STORY ("TYPE",ID,ID_THUMBNAIL) VALUES ('cover',19950,NULL);
INSERT INTO PUBLIC.STORY ("TYPE",ID,ID_THUMBNAIL) VALUES ('cover',19951,NULL);
INSERT INTO PUBLIC.STORY ("TYPE",ID,ID_THUMBNAIL) VALUES ('story',19952,NULL);
