/** CHARACTER_COMIC */
INSERT INTO PUBLIC.CHARACTER_COMIC (ID_CHARACTER,ID_COMIC) VALUES (1009144,65357);
INSERT INTO PUBLIC.CHARACTER_COMIC (ID_CHARACTER,ID_COMIC) VALUES (1009144,65466);
INSERT INTO PUBLIC.CHARACTER_COMIC (ID_CHARACTER,ID_COMIC) VALUES (1009144,65941);
INSERT INTO PUBLIC.CHARACTER_COMIC (ID_CHARACTER,ID_COMIC) VALUES (1011334,65357);
INSERT INTO PUBLIC.CHARACTER_COMIC (ID_CHARACTER,ID_COMIC) VALUES (1011334,65466);
INSERT INTO PUBLIC.CHARACTER_COMIC (ID_CHARACTER,ID_COMIC) VALUES (1011334,65941);

/** CHARACTER_EVENT */
INSERT INTO PUBLIC.CHARACTER_EVENT (ID_CHARACTER,ID_EVENT) VALUES (1011334,269);
INSERT INTO PUBLIC.CHARACTER_EVENT (ID_CHARACTER,ID_EVENT) VALUES (1011334,270);
INSERT INTO PUBLIC.CHARACTER_EVENT (ID_CHARACTER,ID_EVENT) VALUES (1011334,271);
INSERT INTO PUBLIC.CHARACTER_EVENT (ID_CHARACTER,ID_EVENT) VALUES (1011334,272);
INSERT INTO PUBLIC.CHARACTER_EVENT (ID_CHARACTER,ID_EVENT) VALUES (1011334,273);
INSERT INTO PUBLIC.CHARACTER_EVENT (ID_CHARACTER,ID_EVENT) VALUES (1009144,269);
INSERT INTO PUBLIC.CHARACTER_EVENT (ID_CHARACTER,ID_EVENT) VALUES (1009144,270);
INSERT INTO PUBLIC.CHARACTER_EVENT (ID_CHARACTER,ID_EVENT) VALUES (1009144,271);
INSERT INTO PUBLIC.CHARACTER_EVENT (ID_CHARACTER,ID_EVENT) VALUES (1009144,272);
INSERT INTO PUBLIC.CHARACTER_EVENT (ID_CHARACTER,ID_EVENT) VALUES (1009144,273);
/** CHARACTER_SERIES */
INSERT INTO PUBLIC.CHARACTER_SERIES (ID_CHARACTER,ID_SERIES) VALUES (1009144,1945);
INSERT INTO PUBLIC.CHARACTER_SERIES (ID_CHARACTER,ID_SERIES) VALUES (1009144,1946);
INSERT INTO PUBLIC.CHARACTER_SERIES (ID_CHARACTER,ID_SERIES) VALUES (1009144,1947);
INSERT INTO PUBLIC.CHARACTER_SERIES (ID_CHARACTER,ID_SERIES) VALUES (1011334,1945);
INSERT INTO PUBLIC.CHARACTER_SERIES (ID_CHARACTER,ID_SERIES) VALUES (1011334,1946);
INSERT INTO PUBLIC.CHARACTER_SERIES (ID_CHARACTER,ID_SERIES) VALUES (1011334,1947);
INSERT INTO PUBLIC.CHARACTER_SERIES (ID_CHARACTER,ID_SERIES) VALUES (1017100,1945);
INSERT INTO PUBLIC.CHARACTER_SERIES (ID_CHARACTER,ID_SERIES) VALUES (1017100,1946);
INSERT INTO PUBLIC.CHARACTER_SERIES (ID_CHARACTER,ID_SERIES) VALUES (1017100,1947);
/** CHARACTER_STORY */
INSERT INTO PUBLIC.CHARACTER_STORY (ID_CHARACTER,ID_STORY) VALUES (1017100,19947);
INSERT INTO PUBLIC.CHARACTER_STORY (ID_CHARACTER,ID_STORY) VALUES (1017100,19948);
INSERT INTO PUBLIC.CHARACTER_STORY (ID_CHARACTER,ID_STORY) VALUES (1017100,19949);
INSERT INTO PUBLIC.CHARACTER_STORY (ID_CHARACTER,ID_STORY) VALUES (1017100,19950);
INSERT INTO PUBLIC.CHARACTER_STORY (ID_CHARACTER,ID_STORY) VALUES (1017100,19951);
INSERT INTO PUBLIC.CHARACTER_STORY (ID_CHARACTER,ID_STORY) VALUES (1017100,19952);
INSERT INTO PUBLIC.CHARACTER_STORY (ID_CHARACTER,ID_STORY) VALUES (1011334,19947);
INSERT INTO PUBLIC.CHARACTER_STORY (ID_CHARACTER,ID_STORY) VALUES (1011334,19948);
INSERT INTO PUBLIC.CHARACTER_STORY (ID_CHARACTER,ID_STORY) VALUES (1011334,19949);
INSERT INTO PUBLIC.CHARACTER_STORY (ID_CHARACTER,ID_STORY) VALUES (1011334,19950);
INSERT INTO PUBLIC.CHARACTER_STORY (ID_CHARACTER,ID_STORY) VALUES (1011334,19951);
INSERT INTO PUBLIC.CHARACTER_STORY (ID_CHARACTER,ID_STORY) VALUES (1011334,19952);
/** COMIC_IMAGES */
INSERT INTO PUBLIC.COMIC_IMAGES (COMIC_ID,IMAGES_ID) VALUES (65357,1);
INSERT INTO PUBLIC.COMIC_IMAGES (COMIC_ID,IMAGES_ID) VALUES (65466,2);
INSERT INTO PUBLIC.COMIC_IMAGES (COMIC_ID,IMAGES_ID) VALUES (65941,3);
/** COMIC_URLS */
INSERT INTO PUBLIC.COMIC_URLS (COMIC_ID,URLS_ID) VALUES (65357,1);
INSERT INTO PUBLIC.COMIC_URLS (COMIC_ID,URLS_ID) VALUES (65466,2);
INSERT INTO PUBLIC.COMIC_URLS (COMIC_ID,URLS_ID) VALUES (65941,3);
/** EVENT_COMIC */
INSERT INTO PUBLIC.EVENT_COMIC (ID_EVENT,ID_COMIC) VALUES (269,65357);
INSERT INTO PUBLIC.EVENT_COMIC (ID_EVENT,ID_COMIC) VALUES (269,65466);
INSERT INTO PUBLIC.EVENT_COMIC (ID_EVENT,ID_COMIC) VALUES (269,65941);
INSERT INTO PUBLIC.EVENT_COMIC (ID_EVENT,ID_COMIC) VALUES (270,65357);
INSERT INTO PUBLIC.EVENT_COMIC (ID_EVENT,ID_COMIC) VALUES (270,65941);
INSERT INTO PUBLIC.EVENT_COMIC (ID_EVENT,ID_COMIC) VALUES (271,65357);
INSERT INTO PUBLIC.EVENT_COMIC (ID_EVENT,ID_COMIC) VALUES (271,65466);
INSERT INTO PUBLIC.EVENT_COMIC (ID_EVENT,ID_COMIC) VALUES (271,65941);
INSERT INTO PUBLIC.EVENT_COMIC (ID_EVENT,ID_COMIC) VALUES (272,65357);
INSERT INTO PUBLIC.EVENT_COMIC (ID_EVENT,ID_COMIC) VALUES (272,65466);
INSERT INTO PUBLIC.EVENT_COMIC (ID_EVENT,ID_COMIC) VALUES (273,65941);
/** EVENTS_SERIES */
INSERT INTO PUBLIC.EVENTS_SERIES (ID_EVENT,ID_SERIES) VALUES (269,1945);
INSERT INTO PUBLIC.EVENTS_SERIES (ID_EVENT,ID_SERIES) VALUES (269,1946);
INSERT INTO PUBLIC.EVENTS_SERIES (ID_EVENT,ID_SERIES) VALUES (269,1947);
INSERT INTO PUBLIC.EVENTS_SERIES (ID_EVENT,ID_SERIES) VALUES (270,1945);
INSERT INTO PUBLIC.EVENTS_SERIES (ID_EVENT,ID_SERIES) VALUES (270,1946);
INSERT INTO PUBLIC.EVENTS_SERIES (ID_EVENT,ID_SERIES) VALUES (271,1945);
INSERT INTO PUBLIC.EVENTS_SERIES (ID_EVENT,ID_SERIES) VALUES (271,1946);
INSERT INTO PUBLIC.EVENTS_SERIES (ID_EVENT,ID_SERIES) VALUES (271,1947);
INSERT INTO PUBLIC.EVENTS_SERIES (ID_EVENT,ID_SERIES) VALUES (272,1947);
INSERT INTO PUBLIC.EVENTS_SERIES (ID_EVENT,ID_SERIES) VALUES (273,1945);
INSERT INTO PUBLIC.EVENTS_SERIES (ID_EVENT,ID_SERIES) VALUES (273,1947);
/** EVENT_STORY */
INSERT INTO PUBLIC.EVENT_STORY (ID_EVENT,ID_STORY) VALUES (269,19947);
INSERT INTO PUBLIC.EVENT_STORY (ID_EVENT,ID_STORY) VALUES (269,19948);
INSERT INTO PUBLIC.EVENT_STORY (ID_EVENT,ID_STORY) VALUES (269,19949);
INSERT INTO PUBLIC.EVENT_STORY (ID_EVENT,ID_STORY) VALUES (269,19950);
INSERT INTO PUBLIC.EVENT_STORY (ID_EVENT,ID_STORY) VALUES (270,19947);
INSERT INTO PUBLIC.EVENT_STORY (ID_EVENT,ID_STORY) VALUES (270,19948);
INSERT INTO PUBLIC.EVENT_STORY (ID_EVENT,ID_STORY) VALUES (270,19950);
INSERT INTO PUBLIC.EVENT_STORY (ID_EVENT,ID_STORY) VALUES (271,19947);
INSERT INTO PUBLIC.EVENT_STORY (ID_EVENT,ID_STORY) VALUES (271,19948);
INSERT INTO PUBLIC.EVENT_STORY (ID_EVENT,ID_STORY) VALUES (271,19949);
INSERT INTO PUBLIC.EVENT_STORY (ID_EVENT,ID_STORY) VALUES (271,19950);
INSERT INTO PUBLIC.EVENT_STORY (ID_EVENT,ID_STORY) VALUES (272,19947);
INSERT INTO PUBLIC.EVENT_STORY (ID_EVENT,ID_STORY) VALUES (272,19949);
INSERT INTO PUBLIC.EVENT_STORY (ID_EVENT,ID_STORY) VALUES (273,19947);
INSERT INTO PUBLIC.EVENT_STORY (ID_EVENT,ID_STORY) VALUES (273,19948);
INSERT INTO PUBLIC.EVENT_STORY (ID_EVENT,ID_STORY) VALUES (273,19949);
/** EVENTS_URLS */
INSERT INTO PUBLIC.EVENTS_URLS (EVENT_ID,URLS_ID) VALUES (269,4);
INSERT INTO PUBLIC.EVENTS_URLS (EVENT_ID,URLS_ID) VALUES (269,5);
INSERT INTO PUBLIC.EVENTS_URLS (EVENT_ID,URLS_ID) VALUES (269,6);
INSERT INTO PUBLIC.EVENTS_URLS (EVENT_ID,URLS_ID) VALUES (270,7);
INSERT INTO PUBLIC.EVENTS_URLS (EVENT_ID,URLS_ID) VALUES (271,8);
INSERT INTO PUBLIC.EVENTS_URLS (EVENT_ID,URLS_ID) VALUES (272,9);
INSERT INTO PUBLIC.EVENTS_URLS (EVENT_ID,URLS_ID) VALUES (272,10);
INSERT INTO PUBLIC.EVENTS_URLS (EVENT_ID,URLS_ID) VALUES (273,11);
/** SERIES_COMIC */
INSERT INTO PUBLIC.SERIES_COMIC (ID_SERIES,ID_COMIC) VALUES (1945,65357);
INSERT INTO PUBLIC.SERIES_COMIC (ID_SERIES,ID_COMIC) VALUES (1945,65941);
INSERT INTO PUBLIC.SERIES_COMIC (ID_SERIES,ID_COMIC) VALUES (1946,65357);
INSERT INTO PUBLIC.SERIES_COMIC (ID_SERIES,ID_COMIC) VALUES (1946,65466);
INSERT INTO PUBLIC.SERIES_COMIC (ID_SERIES,ID_COMIC) VALUES (1946,65941);
INSERT INTO PUBLIC.SERIES_COMIC (ID_SERIES,ID_COMIC) VALUES (1947,65357);
INSERT INTO PUBLIC.SERIES_COMIC (ID_SERIES,ID_COMIC) VALUES (1947,65941);
/** SERIES_STORY */
INSERT INTO PUBLIC.SERIES_STORY (ID_SERIES,ID_STORY) VALUES (1947,19947);
INSERT INTO PUBLIC.SERIES_STORY (ID_SERIES,ID_STORY) VALUES (1947,19948);
INSERT INTO PUBLIC.SERIES_STORY (ID_SERIES,ID_STORY) VALUES (1947,19949);
INSERT INTO PUBLIC.SERIES_STORY (ID_SERIES,ID_STORY) VALUES (1947,19951);
INSERT INTO PUBLIC.SERIES_STORY (ID_SERIES,ID_STORY) VALUES (1947,19952);
INSERT INTO PUBLIC.SERIES_STORY (ID_SERIES,ID_STORY) VALUES (1946,19947);
INSERT INTO PUBLIC.SERIES_STORY (ID_SERIES,ID_STORY) VALUES (1946,19948);
INSERT INTO PUBLIC.SERIES_STORY (ID_SERIES,ID_STORY) VALUES (1946,19949);
INSERT INTO PUBLIC.SERIES_STORY (ID_SERIES,ID_STORY) VALUES (1946,19951);
INSERT INTO PUBLIC.SERIES_STORY (ID_SERIES,ID_STORY) VALUES (1946,19950);
INSERT INTO PUBLIC.SERIES_STORY (ID_SERIES,ID_STORY) VALUES (1946,19952);
INSERT INTO PUBLIC.SERIES_STORY (ID_SERIES,ID_STORY) VALUES (1947,19947);
INSERT INTO PUBLIC.SERIES_STORY (ID_SERIES,ID_STORY) VALUES (1947,19951);
INSERT INTO PUBLIC.SERIES_STORY (ID_SERIES,ID_STORY) VALUES (1947,19950);
INSERT INTO PUBLIC.SERIES_STORY (ID_SERIES,ID_STORY) VALUES (1947,19952);
/** SERIES_URLS */
INSERT INTO PUBLIC.SERIES_URLS (SERIES_ID,URLS_ID) VALUES (1945,12);
INSERT INTO PUBLIC.SERIES_URLS (SERIES_ID,URLS_ID) VALUES (1945,13);
INSERT INTO PUBLIC.SERIES_URLS (SERIES_ID,URLS_ID) VALUES (1945,14);
INSERT INTO PUBLIC.SERIES_URLS (SERIES_ID,URLS_ID) VALUES (1946,15);
INSERT INTO PUBLIC.SERIES_URLS (SERIES_ID,URLS_ID) VALUES (1946,16);
INSERT INTO PUBLIC.SERIES_URLS (SERIES_ID,URLS_ID) VALUES (1947,17);
INSERT INTO PUBLIC.SERIES_URLS (SERIES_ID,URLS_ID) VALUES (1947,18);
INSERT INTO PUBLIC.SERIES_URLS (SERIES_ID,URLS_ID) VALUES (1947,19);
INSERT INTO PUBLIC.SERIES_URLS (SERIES_ID,URLS_ID) VALUES (1946,20);
INSERT INTO PUBLIC.SERIES_URLS (SERIES_ID,URLS_ID) VALUES (1945,21);
INSERT INTO PUBLIC.SERIES_URLS (SERIES_ID,URLS_ID) VALUES (1945,22);
INSERT INTO PUBLIC.SERIES_URLS (SERIES_ID,URLS_ID) VALUES (1946,23);
/** STORY_COMIC */
INSERT INTO PUBLIC.STORY_COMIC (ID_STORY,ID_COMIC) VALUES (19947,65357);
INSERT INTO PUBLIC.STORY_COMIC (ID_STORY,ID_COMIC) VALUES (19947,65466);
INSERT INTO PUBLIC.STORY_COMIC (ID_STORY,ID_COMIC) VALUES (19947,65941);
INSERT INTO PUBLIC.STORY_COMIC (ID_STORY,ID_COMIC) VALUES (19948,65357);
INSERT INTO PUBLIC.STORY_COMIC (ID_STORY,ID_COMIC) VALUES (19948,65466);
INSERT INTO PUBLIC.STORY_COMIC (ID_STORY,ID_COMIC) VALUES (19948,65941);
INSERT INTO PUBLIC.STORY_COMIC (ID_STORY,ID_COMIC) VALUES (19949,65357);
INSERT INTO PUBLIC.STORY_COMIC (ID_STORY,ID_COMIC) VALUES (19949,65466);
INSERT INTO PUBLIC.STORY_COMIC (ID_STORY,ID_COMIC) VALUES (19950,65357);
INSERT INTO PUBLIC.STORY_COMIC (ID_STORY,ID_COMIC) VALUES (19950,65941);
INSERT INTO PUBLIC.STORY_COMIC (ID_STORY,ID_COMIC) VALUES (19951,65357);
INSERT INTO PUBLIC.STORY_COMIC (ID_STORY,ID_COMIC) VALUES (19951,65466);
INSERT INTO PUBLIC.STORY_COMIC (ID_STORY,ID_COMIC) VALUES (19952,65357);
INSERT INTO PUBLIC.STORY_COMIC (ID_STORY,ID_COMIC) VALUES (19952,65466);
INSERT INTO PUBLIC.STORY_COMIC (ID_STORY,ID_COMIC) VALUES (19952,65357);
INSERT INTO PUBLIC.STORY_COMIC (ID_STORY,ID_COMIC) VALUES (19952,65466);
INSERT INTO PUBLIC.STORY_COMIC (ID_STORY,ID_COMIC) VALUES (19952,65941);
